2026-03-23T01:20:32.301503,How much should I save if I earn 2000 per month?,"A basic approach is to put aside about 20% each month.

For an income of $2,000.00:
- Suggested savings: $400.00 per month

This can help build savings over time."
2026-03-23T01:20:46.965857,Can you give me budgeting advice?,"A simple budgeting rule is the 50/30/20 method:

- 50% for needs
- 30% for wants
- 20% for savings

If you include your monthly income, I can estimate the amounts."
2026-03-23T01:20:54.240073,Can you break down 2500 for me?,"You could start with a breakdown like this for $2,500.00 per month:

- Housing/Rent: $750.00
- Food: $375.00
- Transport: $250.00
- Savings: $500.00
- Other expenses: $625.00

This is only an example and should be adjusted to your own situation."
2026-03-23T01:21:01.537031,"I earn 3000, how should I budget?","For a monthly income of $3,000.00, a simple 50/30/20 breakdown is:

- Needs: $1,500.00
- Wants: $900.00
- Savings: $600.00

This is a basic guideline and can be adjusted."
2026-03-23T01:41:04.907695,How much should I save if I earn 2000 per month?,"A basic approach is to put aside about 20% each month.

For an income of $2,000.00:
- Suggested savings: $400.00 per month

This can help build savings over time."
2026-03-23T01:41:13.915219,Can you give me budgeting advice?,"A simple budgeting rule is the 50/30/20 method:

- 50% for needs
- 30% for wants
- 20% for savings

If you include your monthly income, I can estimate the amounts."
2026-03-23T01:41:21.971986,Can you break down 2500 for me?,"You could start with a breakdown like this for $2,500.00 per month:

- Housing/Rent: $750.00
- Food: $375.00
- Transport: $250.00
- Savings: $500.00
- Other expenses: $625.00

This is only an example and should be adjusted to your own situation."
2026-03-23T01:41:27.660189,save,"I can help with saving advice. Please include your monthly income, for example: 'How much should I save if I earn 2000 per month?'"
2026-03-23T01:41:35.193907,budget 0,Income must be a positive number.
2026-03-23T01:41:42.946672,break down -500,"This is one basic way to split the income for $500.00 per month:

- Housing/Rent: $150.00
- Food: $75.00
- Transport: $50.00
- Savings: $100.00
- Other expenses: $125.00

This is only an example and should be adjusted to your own situation."
2026-03-23T01:47:34.011476,How much should I save if I earn 2000 per month?,"One common rule is to save around 20% of what you earn.

For an income of $2,000.00:
- Suggested savings: $400.00 per month

This can help build savings over time."
2026-03-23T01:47:40.507671,Can you give me budgeting advice?,"A simple budgeting rule is the 50/30/20 method:

- 50% for needs
- 30% for wants
- 20% for savings

If you include your monthly income, I can estimate the amounts."
2026-03-23T01:47:47.318606,Can you break down 2500 for me?,"Here is one simple example breakdown for $2,500.00 per month:

- Housing/Rent: $750.00
- Food: $375.00
- Transport: $250.00
- Savings: $500.00
- Other expenses: $625.00

This is only an example and should be adjusted to your own situation."
2026-03-23T01:47:54.193750,"I earn 3000, how should I budget?","A simple budgeting rule is the 50/30/20 method.

For a monthly income of $3,000.00:
- Needs: $1,500.00
- Wants: $900.00
- Savings: $600.00

This is a basic guideline and can be adjusted."
2026-03-23T01:48:01.013432,save,"I can help with saving advice. Please include your monthly income, for example: 'How much should I save if I earn 2000 per month?'"
2026-03-23T01:48:09.840081,budget 0,Income must be a positive number.
2026-03-23T01:48:18.741249,break down -500,Income must be a positive number.
2026-03-23T01:48:40.224355,How much should I save if I earn -2000 per month?,Income must be a positive number.
2026-03-23T01:49:13.466544,"I earn -3000, how should I budget?",Income must be a positive number.
2026-03-23T09:18:08.684116,How much should I save if I earn 2000 per month?,"A simple saving guideline is 20% of income.

For an income of $2,000.00:
- Suggested savings: $400.00 per month

This can help build savings over time."
2026-03-23T09:19:01.887234,Can you give me budgeting advice?,"A simple budgeting rule is the 50/30/20 method:

- 50% for needs
- 30% for wants
- 20% for savings

If you include your monthly income, I can estimate the amounts."
2026-03-23T09:19:55.343098,Can you break down 2500 for me?,"Here is one simple example breakdown for $2,500.00 per month:

- Housing/Rent: $750.00
- Food: $375.00
- Transport: $250.00
- Savings: $500.00
- Other expenses: $625.00

This is only an example and should be adjusted to your own situation."
2026-03-23T09:22:00.026407,break down -500,Income must be a positive number.
